day,date,spot_price,mark_price,theoretical_price,payoff,delta,gamma,theta,vega,net_position,hedge_position,funding_rate,funding_payment,cumulative_funding,cumulative_fees,cumulative_hedge_pnl,mtm_pnl,lp_equity,lp_pnl,daily_pnl
0,2024-01-01,3000.0,153.49710183489142,153.49710183489142,0.0,0.5291915354319067,0.0012324677797393622,-9.921126248965493,1.8890538826981809,0.0,0.0,153.49710183489142,0.0,0.0,0.0,0.0,0.0,1000000.0,0.0,0.0
1,2024-01-02,3045.406144506518,178.78211669965302,178.78211669965302,45.4061445065181,0.5841431301160196,0.0011808574299265943,-9.820832679977295,1.885469645579905,-30.661593728182975,-8.955379667363259,133.3759721931349,-4089.519872487332,-4089.519872487332,43.8345245906381,0.0,0.0,995954.3146521033,-4045.685347896694,-4045.685347896694
2,2024-01-03,3161.729365557984,254.199103685474,254.19910446488896,161.72936555798378,0.7074102977073226,0.000920823135968051,-8.341737956131208,1.7557306638608656,-73.4847545119686,-25.991936033130614,92.46973812749022,-6795.116006084643,-10884.635878571975,82.26671583522204,-1041.7186086465042,0.0,988155.9122286168,-11844.087771383258,-7798.402423486564
3,2024-01-04,2763.91947305235,61.61391146210769,61.613911914876006,0.0,0.26337649264186463,0.0009036492603106778,-6.143402624211141,1.4676628434226207,-178.79296541273578,-23.544932069722282,61.61391146210769,-11016.133940987984,-21900.76981955996,92.28632285334652,9298.130670706494,0.0,987489.6471739999,-12510.352826000119,-666.2650546168607
4,2024-01-05,2760.6571784394614,60.75949482168659,60.75949590802363,0.0,0.26044035244241703,0.0008964001965044195,-6.0795776890995175,1.4585646653363473,-363.20454879244045,-47.29656034809612,60.75949482168659,-22068.124901567302,-43968.89472112726,103.08793991295617,9374.94117575837,0.0,965509.1343945441,-34490.86560545594,-21980.51277945582
5,2024-01-06,2884.7895147168792,100.70467221067508,100.70467586831472,0.0,0.3886917860792728,0.001160215096120987,-8.604746821829915,1.7598055253596163,-202.27269172180257,-39.31086691020479,100.70467221067508,-20369.805117015057,-64338.69983814232,120.9403661165602,3503.908641863316,0.0,939286.1491698376,-60713.85083016244,-26222.9852247065
6,2024-01-07,2893.4375535368154,104.10966177225168,104.10966387810588,0.0,0.3987877639297281,0.0011744693179254167,-8.764194481119087,1.775768755057027,-401.58891445503485,-80.07437260724511,104.10966177225168,-41809.286055399396,-106147.98589354171,147.6239213574384,3163.9467387785276,0.0,897163.5847665942,-102836.41523340574,-42122.564403243305
7,2024-01-08,2961.426871729932,134.00547476615503,134.00548014766656,0.0,0.4813910454338809,0.0012401713431759822,-9.71237340967444,1.8673034349650213,-527.2446095049621,-126.905416884486,134.00547476615503,-70653.66421460846,-176801.65010815018,172.84901219102858,-2280.2552595296147,0.0,821090.9436445113,-178909.05635548878,-76072.64112208303
8,2024-01-09,3015.966019116842,162.10276093688753,162.10276948366868,15.966019116841835,0.5487712013300833,0.0012192537960745186,-9.92760258887336,1.8913335109999556,-363.58938240559894,-99.7636910867918,146.1367418200457,-53133.76770511689,-229935.41781326706,197.53661765457474,-9201.568495189844,0.0,761060.5503091977,-238939.4496908023,-60030.393335313536
9,2024-01-10,3151.4277503608687,246.96094532526996,246.96095430450802,151.42775036086869,0.6977909037080006,0.0009467306613224686,-8.510653873371492,1.772609185449396,-317.0156304403948,-110.6053116272823,95.53319496440128,-30285.51602962482,-260220.93384289189,249.95309958604298,-22715.730805100924,0.0,717313.2884515933,-282686.71154840675,-43747.26185760443
10,2024-01-11,3121.1611741465103,226.28641762259164,226.286424796225,121.16117414651035,0.6679913271660771,0.0010220331302135826,-8.983404508576362,1.8171334004213615,-105.98955798099598,-35.400052750735696,105.1252434760813,-11142.178088674438,-271363.1119315663,297.5328876820636,-19368.08671102093,0.0,709566.3342450948,-290433.66575490515,-7746.954206498398
11,2024-01-12,3318.3945050613243,374.7938881218382,374.7938920942621,318.39450506132425,0.8230670436794456,0.0005758784426051183,-5.882409114036093,1.4369592802468396,117.36268615742716,48.29867956693609,56.39938306051397,6619.183093603642,-264743.9288379627,378.3026931484284,-26350.15702960865,0.0,709284.2168255771,-290715.7831744229,-282.11741951777367
12,2024-01-13,3246.446705575896,317.18365775498046,317.1836540324279,246.44670557589598,0.7766642386010459,0.0007188543511978566,-6.944187493849164,1.5934291065829984,-77.1431745525999,-29.9571724635813,70.73695217908448,-5456.873049270012,-270200.8018872327,454.19930379671945,-29825.14074250152,0.0,700428.2566740625,-299571.7433259375,-8855.960151514562
13,2024-01-14,3333.599413873299,387.37408080934796,387.3740837976746,333.599413873299,0.8316195619282756,0.0005492901903207403,-5.678326626092591,1.4030250434954152,1.2498200916444102,0.5196874185512392,53.77466693604896,67.20865915814647,-270133.59322807455,532.8590796256369,-32435.989455635015,0.0,697963.276395916,-302036.72360408393,-2464.980278146453
14,2024-01-15,3402.525945151134,445.91086257454924,445.9108625188184,402.5259451511338,0.8656849716810918,0.00044282068750799456,-4.836979100708495,1.2490664713396147,-10.573917402234015,-4.576840693455578,43.38491742341546,-458.7485333379591,-270592.3417614125,631.2816074348029,-32400.169204525548,0.0,697638.7706414968,-302361.22935850325,-324.5057544193114
15,2024-01-16,3565.926919928486,592.3770243698783,592.3770249962529,565.9269199284859,0.922158290998172,0.0002630411477514017,-3.3017279234269963,0.9078158997675129,12.507599928022728,5.7669934870571495,26.450104441392455,330.8273244073498,-270261.51443700516,774.0045002627953,-33148.029435236844,0.0,697364.4606280208,-302635.5393719792,-274.3100134759443
16,2024-01-17,3677.1285331816744,696.3693668701775,696.3693659991866,677.1285331816744,0.9466977532672277,0.00018289627724034084,-2.5495754228864724,0.7102890901621035,16.5481469458014,7.833046767163061,19.24083368850313,318.400143237086,-269943.11429376807,887.4681975398805,-32506.730455855457,0.0,698437.6234479164,-301562.37655208365,1073.162819895544
17,2024-01-18,3654.8513884841113,675.3261587627508,675.3261576452111,654.8513884841113,0.942470089470796,0.00019681693963922585,-2.6842878160184767,0.747253304767036,301.9248338000046,142.27756256247278,20.474770278639426,6181.841613471508,-263761.27268029656,1026.2026868095506,-32681.228372110254,0.0,704583.7016344027,-295416.29836559726,6146.078186486382
18,2024-01-19,3504.9321835955056,536.6532881881853,536.6532719852903,504.93218359550565,0.9044280837254158,0.0003200844962421767,-3.808042002734427,1.029199287180086,262.810435566138,118.84656931106203,31.721104592679694,8336.637314641179,-255424.63536565538,1147.2684352935967,-54011.36742496503,0.0,691711.2656446733,-308288.7343553268,-12872.435989729536
19,2024-01-20,3637.488053760712,658.9919921438354,658.9919748248386,637.4880537607119,0.938953397008205,0.0002083580910915219,-2.7945610149931834,0.7769832850282601,380.01480782870635,178.40809736209204,21.503938383123568,8171.815012223058,-247252.82035343233,1285.1701221228504,-38257.55701378771,0.0,715774.7927549029,-284225.20724509715,24063.527110229654
20,2024-01-21,3427.860640396497,467.98115699202697,467.98113920805065,427.8606403964968,0.876468320098982,0.00040887791960171567,-4.55954079425424,1.1932425443198067,133.3749686684031,58.44946736602482,40.12051659553015,5351.072643888969,-241901.74770954336,1381.659097267061,-75656.7849870341,0.0,683823.1264006896,-316176.8735993104,-31951.66635421326
21,2024-01-22,3313.693726980312,370.93123527835314,370.931230331059,313.693726980312,0.8203401143414792,0.0005843445976899009,-5.9469322457480285,1.447417967315658,-71.84700781310679,-29.469491302248585,57.23750829804112,-4112.343705892126,-246014.09141543548,1457.3960812730636,-82329.78026703317,0.0,673113.5243988044,-326886.4756011956,-10709.602001885185
22,2024-01-23,3332.1228582400786,386.14674817837783,386.14675095272673,332.1228582400786,0.8308066382921567,0.0005518197027526621,-5.6978384400235065,1.4063259480167658,-232.71293269206106,-96.6697246485001,54.02388993829925,-12572.057862974762,-258586.14927841024,1533.2768905535313,-82872.87739040083,0.0,660074.2502217424,-339925.74977825757,-13039.274177061976
23,2024-01-24,3480.552916959929,514.7016067768146,514.7016187545869,480.552916959929,0.8963127336020648,0.00034598998552308805,-4.0315038306012605,1.0799580609578112,-203.6195702164082,-91.2534067977732,34.14868981688562,-6953.341543967661,-265539.4908223779,1645.587568109872,-97221.57029640945,0.0,638884.5264493225,-361115.47355067753,-21189.723772419966
24,2024-01-25,3600.493357977408,624.4041779630953,624.4041906771866,600.4933579774079,0.9307596298888704,0.0002351220658800718,-3.045767112758684,0.8429778480710348,-287.5754440178747,-133.83180691960231,23.910819985687453,-6876.164674215543,-272415.65549659345,1795.2149385288321,-108166.54415208177,0.0,621213.0152898536,-378786.9847101464,-17671.51115946885
25,2024-01-26,3652.1163267131674,672.7491627479113,672.7491820945258,652.1163267131674,0.9419293565925311,0.00019859375039270782,-2.7013459643831523,0.7518830735563957,-555.2190012697955,-261.4885383170031,20.632836034743946,-11455.742616573989,-283871.39811316744,1985.0118734551043,-115075.33933654259,0.0,603038.274423745,-396961.72557625495,-18174.740866108565
26,2024-01-27,3392.4037849718497,437.1711638536104,437.1711881261854,392.40378497184975,0.8611306853524998,0.0004571158043598501,-4.952388988967158,1.2715446372484938,-270.59735624060045,-116.50984341702139,44.767378881760635,-12113.93437122571,-295985.33248439315,2076.6107795381536,-47163.486414011786,0.0,658927.7918811332,-341072.2081188668,55889.51745738817
27,2024-01-28,3311.826614859819,369.4005738789846,369.40058387486675,311.8266148598191,0.8192459104797336,0.0005877401048874454,-5.9727492491429635,1.4515667135439707,-563.42980609979,-230.7937822448211,57.5739590191655,-32438.884566565685,-328424.21705095883,2142.743348209736,-37775.452941272466,0.0,635943.0733559784,-364056.9266440216,-22984.718525154807
28,2024-01-29,3265.130415523157,331.81772251138653,331.8177412069871,265.1304155231569,0.7897190697447906,0.000678928364682349,-6.653507517339808,1.553782082119784,-530.6791614571389,-209.5437268594386,66.68730698822964,-35389.564152348496,-363813.7812033073,2210.7535754218698,-26998.2604799061,0.0,611398.7118922084,-388601.28810779157,-24544.36146376998
29,2024-01-30,3124.679148932965,228.64269599365628,228.64270812724834,124.67914893296484,0.6715716850513109,0.0010134230366779314,-8.930922942291016,1.8123835439990497,-940.0389120692041,-315.65175809605824,103.96354706069144,-97729.77967378788,-461543.5608770952,2254.3708868889503,2432.4213635313863,0.0,543143.2313733251,-456856.7686266749,-68255.48051888333
30,2024-01-31,2869.6458579643286,94.95047167285382,94.95048059856848,0.0,0.3713250361276981,0.0011329281666786664,-8.312260980572006,1.7298366781588808,-928.5815018831534,-172.40277986713704,94.95047167285382,-88169.25159049244,-549712.8124675876,2270.022778482694,82934.12803080499,0.0,535491.3383416999,-464508.6616583,-7651.893031625135
31,2024-02-01,2892.312335365324,103.66167414321559,103.66168376904778,0.0,0.3974672375213336,0.0011726749016196859,-8.743807327744486,1.7737412173274953,-977.6189152172711,-194.28574479000582,103.66167414321559,-101341.61342549673,-651054.4258930844,2285.4235243466937,79026.36431707774,0.0,430257.36194833997,-569742.63805166,-105233.97639336
32,2024-02-02,2996.8580879014507,151.84050018323327,151.84051502744921,0.0,0.5253161482405573,0.0012343917777732337,-9.914325090597636,1.8881429038066355,-1154.2117988378113,-303.163048209642,151.84050018323327,-175256.0968529227,-826310.5227460071,2313.309687576655,58714.61492096463,0.0,234717.4018625341,-765282.5981374659,-195539.96008580585
33,2024-02-03,2943.6668469675183,125.65120653035997,125.65122103317215,0.0,0.459426384308416,0.0012321387433480448,-9.528439622677048,1.84966503860917,-1317.989277939307,-302.75952426045785,125.65120653035997,-165606.94296715187,-991917.465713159,2331.2777644835646,74840.2336605491,0.0,85254.0457118738,-914745.9542881262,-149463.35615066031
34,2024-02-04,3072.7091701593367,195.16533236576035,195.16535808834527,72.70917015933674,0.6157363782537392,0.001131480928006795,-9.598291642192926,1.8690256923960995,-1298.5312423343723,-399.7764621021475,122.45616220642361,-159013.15244140662,-1150930.6181545656,2371.8675087381275,35771.44128152972,0.0,-112787.3093642979,-1112787.309364298,-198041.3550761717
35,2024-02-05,2880.4219027883573,99.01805036478288,99.01806322258774,0.0,0.3836408888938613,0.001152631201718002,-8.521974918250427,1.7514185903446755,-962.3540341860821,-184.59917855287097,99.01805036478288,-95290.42022578954,-1246221.038380355,2392.295587890479,112643.36473838956,0.0,-131185.37805407494,-1131185.378054075,-18398.06868977705
36,2024-02-06,2749.0803143682397,57.80390505185542,57.80391061463808,0.0,0.2502109867710143,0.0008708584648239816,-5.856357308959823,1.4259839281447977,-873.0362980187157,-109.22163680708807,57.80390505185542,-50464.90727749723,-1296685.9456578523,2403.2671953184995,136888.91407057256,0.0,-157393.76439196127,-1157393.7643919613,-26208.38633788633
37,2024-02-07,2767.9575289108693,62.68482727609321,62.68483274870664,0.0,0.2670436407614145,0.0009126494487222855,-6.222943532487147,1.4788694326533525,-645.797458984556,-86.22805232085305,62.68482727609321,-40481.70217178669,-1337167.647829639,2417.082844623148,134827.11379986798,0.0,-199923.45118514798,-1199923.451185148,-42529.6867931867
38,2024-02-08,2708.090764126312,48.2545996283633,48.25460274463328,0.0,0.21632590325021853,0.0007833073221920849,-5.109988501313335,1.3078729362247004,-558.2490781869917,-60.38186803870142,48.2545996283633,-26938.085760816233,-1364105.7335904553,2424.013156317536,139989.30832599098,0.0,-221692.4121081466,-1221692.4121081466,-21768.96092299861
39,2024-02-09,2793.894081908559,69.92450944023827,69.92451334376779,0.0,0.2914691999395409,0.0009709314852802919,-6.746523913883869,1.5491702707805164,-590.6038754835984,-86.07141953419833,69.92450944023827,-41297.68626669422,-1405403.4198571495,2439.6910317602906,134808.34371438052,0.0,-268155.38511100877,-1268155.3851110088,-46462.973002862185
40,2024-02-10,2857.9979043397766,90.70164793694336,90.70165329381815,0.0,0.3582595622270378,0.001110247990732073,-8.078454710936553,1.7051650429336507,-702.094679500384,-125.76606625987,90.70164793694336,-63681.14443844487,-1469084.5642955943,2456.713866780879,129290.83672015746,0.0,-337337.01370865596,-1337337.013708656,-69181.62859764718
41,2024-02-11,2805.24488763892,73.29601541609581,73.29602056217041,0.0,0.3026351633922491,0.0009964850958903758,-6.98120512139736,1.578861081022279,-667.0434341588311,-100.93539934319242,73.29601541609581,-48891.62583331112,-1517976.1901289055,2470.9273668484666,135925.37611396544,0.0,-379579.8866480915,-1379579.8866480915,-42242.87293943553
42,2024-02-12,2640.29821921568,35.28434972880511,35.28435208242465,0.0,0.1678263791787567,0.0006499269631172532,-4.028034993841267,1.1091790047165477,-641.5274819221714,-53.832617217331666,35.28434972880511,-22635.88003278151,-1540612.070161687,2476.99454181137,152574.3339615943,0.0,-385560.7416582813,-1385560.7416582813,-5980.8550101898145
43,2024-02-13,2577.7112818713895,25.979428160635038,25.979429827286857,0.0,0.13067050952689876,0.0005393916042597982,-3.1847535647170298,0.930074414626334,-589.5801202969717,-38.52036736306778,25.979428160635038,-15316.954380193725,-1555929.0245418807,2480.7412741880407,155943.5526024546,0.0,-397504.7306652381,-1397504.730665238,-11943.989006956806
44,2024-02-14,2640.0423178444403,35.24142427929961,35.24142635706405,0.0,0.1676601229182971,0.0006494507147042559,-4.024294795316788,1.108432621295444,-628.3610916687728,-52.6755489331309,35.24142427929961,-22144.339832103113,-1578073.3643739838,2487.674175095054,153542.5381986521,0.0,-422043.1520002368,-1422043.1520002368,-24538.421334998682
45,2024-02-15,2729.157329726698,52.98891726516945,52.98892059478705,0.0,0.23329266049715033,0.0008276942416851737,-5.484816185731555,1.3690136785758684,-729.8518770659215,-85.13454308477397,52.98891726516945,-38674.06072967476,-1616747.4251036586,2500.383538117492,148848.35602957167,0.0,-465398.68553596945,-1465398.6855359694,-43355.533535732655
46,2024-02-16,2670.661910709182,40.68857321501265,40.68857618467602,0.0,0.18843309017669854,0.000707877346461092,-4.48978675642623,1.1981309723774642,-968.6081237215005,-91.25891096154814,40.68857321501265,-39411.28255869821,-1656158.7076623568,2510.3322592818236,153828.3368001803,0.0,-499820.03860289464,-1499820.0386028946,-34421.35306692519
47,2024-02-17,2452.133280999315,13.30305562147382,13.30305691001872,0.0,0.0751078233079865,0.0003535378745177745,-1.8871293418846593,0.6086340025397319,-1009.9045451902996,-37.92586606904275,13.30305562147382,-13434.816337045748,-1669593.5239994025,2512.987992475148,173771.02156142215,0.0,-493309.51444550534,-1493309.5144455053,6510.5241573893
48,2024-02-18,2148.3332564466873,1.8094205717395,1.8094207544737244,0.0,0.013784091627470376,9.073735551640234e-05,-0.3709612230850189,0.14152289653079558,-1083.0926104888138,-7.464723892006944,1.8094205717395,-1959.7700505175162,-1671553.29404992,2513.3289276808837,185292.900604377,0.0,-483747.06451786216,-1483747.0645178622,9562.449927643174
49,2024-02-19,2142.934552636914,1.736313789794916,1.7363139778537997,0.0,0.01330136284589991,8.810377118804082e-05,-0.3583735282333409,0.13703558296575413,-1185.9479485385207,-7.887361989930748,1.736313789794916,-2059.1777770263143,-1673612.4718269464,2513.660023387683,185333.2004376917,0.0,-485765.61136586685,-1485765.6113658668,-2018.5468480046839
50,2024-02-20,2043.761442375331,0.7796782562482327,0.7796783487140265,0.0,0.0066310839589407925,4.9291307065560194e-05,-0.18225410591841443,0.07246262100026253,-1126.7852836487536,-3.7359039097869005,0.7796782562482327,-878.5299851214513,-1674491.0018120678,2513.7900388721264,186115.4146579921,0.0,-485861.7971152037,-1485861.7971152037,-96.18574933684431
51,2024-02-21,1947.5672507069237,0.3291829018753821,0.3291829389672312,0.0,0.003108886287353914,2.591948545913747e-05,-0.0869766156219959,0.035726026137089396,-1068.9080441190224,-1.6615567804019609,0.3291829018753821,-351.8662518011406,-1674842.868063869,2513.844702500739,186474.78691474488,0.0,-485854.2364466232,-1485854.2364466232,7.560668580466881
52,2024-02-22,2031.1340179686792,0.699772673657247,0.699772748456519,0.0,0.006032742246405113,4.551667863326701e-05,-0.166211106478103,0.06638556828955006,-1057.6403487714251,-3.1902358067680074,0.699772673657247,-740.1078146274667,-1675582.9758784964,2514.02158332679,186335.93598598483,0.0,-486733.0183091848,-1486733.0183091848,-878.781862561591
53,2024-02-23,2075.3978026175014,1.0158200506954416,1.0158201581326802,0.0,0.008352970290987891,5.982875275368593e-05,-0.22816345430383345,0.08965169716079611,-1066.1051106757734,-4.452572158272546,1.0158200506954416,-1082.970947573427,-1676665.9468260698,2514.240323151363,186194.7240752551,0.0,-487956.98242766317,-1487956.9824276632,-1223.964118478354
54,2024-02-24,2013.5034023723056,0.6002271256295332,0.6002271896200606,0.0,0.005273963438513994,4.06314436606799e-05,-0.14579137756385407,0.05859259089531295,-952.1472083815648,-2.510794782543769,0.6002271256295332,-571.5045820630621,-1677237.451408133,2514.3801310175495,186470.31335853983,0.0,-488252.7579185753,-1488252.7579185753,-295.77549091214314
55,2024-02-25,2020.1602977742148,0.6362487592289813,0.6362488198092351,0.0,0.005550377341077841,4.242465790951199e-05,-0.15324020826127627,0.061443181664470006,-923.1419693411486,-2.561893134614543,0.6362487592289813,-587.3479325855151,-1677824.7993407184,2514.5256587554627,186453.5992602968,0.0,-488856.6744216662,-1488856.6744216662,-603.9165030908771
56,2024-02-26,2043.3044575458864,0.7766531142225944,0.7766531859187096,0.0,0.0066085907517602705,4.9150556866589206e-05,-0.18165190096672182,0.0722351995643011,-897.5105500293471,-2.9656399602656083,0.7766531142225944,-697.0543637280352,-1678521.8537044465,2514.667520563251,186394.3063962713,0.0,-489612.8797876118,-1489612.8797876118,-756.2053659455851
57,2024-02-27,2214.343751923005,2.9422997869681926,2.9423000510427264,0.0,0.020949064362282426,0.0001279297730173033,-0.5558959769767572,0.20585459079767665,-679.3627824795581,-7.116007327751769,2.9422997869681926,-1998.8889701636508,-1680520.74267461,2515.339713768547,185887.0654300909,0.0,-492118.33753075055,-1492118.3375307505,-2505.4577431387734
58,2024-02-28,2102.3217866418686,1.2636039404716488,1.2636040263162036,0.0,0.010099316256288644,7.010484613936266e-05,-0.274381537234001,0.10668543845893566,-555.707636075002,-2.806133581378001,1.2636039404716488,-702.1943586945999,-1681222.9370333047,2515.635412856181,186684.2145559006,0.0,-492023.08706454793,-1492023.087064548,95.25046620261855
59,2024-02-29,2125.0489224342114,1.5120510740865343,1.512051158112372,0.0,0.011800847211847158,7.979047338709656e-05,-0.31912550479511925,0.12294466773459306,-560.7613997673648,-3.308729800478108,1.5120510740865343,-847.8998768245801,-1682070.8369101293,2515.9379488731474,186620.4391769452,0.0,-492934.459784311,-1492934.459784311,-911.3727197630797
60,2024-03-01,2215.6507714534187,2.969790229305433,2.969790395839815,0.0,0.021116815994252854,0.00012876427244816894,-0.5601878614020607,0.20731501289855128,-693.7532967492659,-7.324930356430274,2.969790229305433,-2060.3017622344196,-1684131.1386723637,2516.570084229992,186320.6621391169,0.0,-495293.90644901665,-1495293.9064490166,-2359.4466647056397
61,2024-03-02,2384.418748939574,8.963646392049988,8.963647013905955,0.0,0.05396717559635489,0.00027314082296440913,-1.3778717656668482,0.4648897114306194,-533.244169065921,-14.388840853856458,8.963646392049988,-4779.812172129517,-1688910.9508444932,2518.6960303618634,185084.44845763524,0.0,-501307.8063564962,-1501307.8063564962,-6013.899907479528
62,2024-03-03,2307.9983268361816,5.560240246241119,5.560240542737704,0.0,0.03605567996553658,0.00019835530743257782,-0.9369810384538383,0.3307033634906321,-530.0675069102963,-9.555972194643747,5.560240246241119,-2947.302685147384,-1691858.2535296406,2519.660232224457,186184.04974926548,0.0,-503154.5435481507,-1503154.5435481507,-1846.737191654509
63,2024-03-04,2262.344676856615,4.107519846003191,4.107520063729483,0.0,0.027867443788806307,0.00016126301906531235,-0.7316918697220107,0.26460596091504934,-238.82500973490542,-3.327721267074298,4.107519846003191,-980.9784672081005,-1692839.2319968487,2520.6882735541385,186620.31475905422,0.0,-503698.2289642403,-1503698.2289642403,-543.6854160896037
64,2024-03-05,2335.1497671450575,6.615290603067702,6.61529076105739,0.0,0.04177204934019992,0.00022305393134409898,-1.0787978888821093,0.3749553996526685,-47.71994543746059,-0.996679957662626,6.615290603067702,-315.6813066313043,-1693154.91330348,2522.0971232194624,186378.0397117501,0.0,-504254.7764685105,-1504254.7764685105,-556.5475042702165
65,2024-03-06,2167.59887570921,2.0924185994415527,2.092418609426563,0.0,0.0156261803135111,0.00010062128587966735,-0.4188344457689617,0.1584546157960427,-249.82657962867415,-1.9519175901927006,2.0924185994415527,-522.7417818498798,-1693677.65508533,2522.546039342576,186545.03432713271,0.0,-504610.0747188546,-1504610.0747188546,-355.29825034411624
66,2024-03-07,2201.38200194305,2.6812815401081616,2.6812816070937027,0.0,0.019343537717259083,0.00011986757871991305,-0.5147377705913115,0.19177857373279333,-90.04764321981706,-0.8709199914864103,2.6812815401081616,-241.44308349560015,-1693919.0981688255,2523.133217672356,186479.0924487852,0.0,-504916.87250236794,-1504916.872502368,-306.7977835133206
67,2024-03-08,2433.612579007544,11.97129221042302,11.971292318221685,0.0,0.06877786843624452,0.00033018898579875554,-1.7357298226320583,0.5670522131635531,11.909569578192736,0.4095574047906201,11.97129221042302,142.57293752091937,-1693776.5252313046,2525.236821007086,186276.8381965853,0.0,-504974.4502137122,-1504974.4502137122,-57.57771134423092
68,2024-03-09,2484.1406150944294,15.895327647672225,15.895327628741574,0.0,0.08710029564377356,0.00039633912247765513,-2.1717170851499703,0.6843317025947211,264.909934324442,11.536866799315769,15.895327647672225,4210.8302032102365,-1689565.6950280943,2528.3656327699123,186297.53232791423,0.0,-500739.7970674103,-1500739.7970674103,4234.653146301862
69,2024-03-10,2230.3252449801826,3.2938742975151376,3.2938742102571377,0.0,0.023076509217360472,0.00013840929587703195,-0.6102124744616167,0.22423740275813123,276.816539706871,3.1939797150317197,3.2938742975151376,911.7988852674607,-1688653.8961428269,2529.044246819621,183369.29821128713,0.0,-502755.5536847203,-1502755.5536847203,-2015.7566173099913
70,2024-03-11,2140.0832523431536,1.6987441248387478,1.6987440778147018,0.0,0.01305210578766407,8.673639071958904e-05,-0.35186666989461146,0.13471002010976968,450.4167227330589,2.9394433568224207,1.6987441248387478,765.1427614719141,-1687888.753381355,2529.416143481766,183081.0671173604,0.0,-502278.2701205127,-1502278.2701205127,477.28356420760974
71,2024-03-12,2074.382748907726,1.007372249386178,1.0073722040124495,0.0,0.00829242535942206,5.946557830469793e-05,-0.22655520859486608,0.08905428005483243,291.3149255265889,1.2078536380074174,1.007372249386178,293.4625718074385,-1687595.2908095475,2529.6230250124763,182887.9442089972,0.0,-502177.7235755378,-1502177.7235755378,100.54654497490264
72,2024-03-13,2188.1352129806723,2.4353266104430826,2.435326539498386,0.0,0.01780807601311768,0.00011202189800789296,-0.4752321212080363,0.1781432034884643,318.90202837315684,2.839515781003294,2.4353266104430826,776.6305958214216,-1686818.660213726,2530.2250905197,183025.34053656005,0.0,-501263.0945866462,-1501263.0945866462,914.6289888916072
73,2024-03-14,2169.9864489803285,2.1300153360924186,2.1300152681657996,0.0,0.01586794529989344,0.00010190015584311509,-0.425099421540468,0.16065517592932801,0.5438634122387187,0.004314997438008561,2.1300153360924186,1.158437408739701,-1686817.5017763174,2530.5786303338173,182973.80683477534,0.0,-501313.11631120834,-1501313.1163112083,-50.02172456216067
74,2024-03-15,1993.696637422712,0.5034027760886841,0.5034027760613059,0.0,0.0045193865749566,3.5648706074517405e-05,-0.1253931961004356,0.050737599786860134,-195.13555032634653,-0.44094649322082924,0.5034027760886841,-98.23177774786018,-1686915.7335540652,2530.665895126417,182973.04614469013,0.0,-501412.02151424857,-1501412.0215142486,-98.90520304022357
75,2024-03-16,1987.6356632601594,0.47665688164573855,0.476656890947009,0.0,0.004307657157641612,3.4225467975033736e-05,-0.11965172293890504,0.04851304909831129,-291.7517563205685,-0.6283832706844041,0.47665688164573855,-139.06548238242976,-1687054.7990364477,2530.7617621209297,182975.71870999262,0.0,-501548.31856433395,-1501548.318564334,-136.2970500853844
76,2024-03-17,2000.0590982247895,0.5328890581750167,0.5328890737221491,0.0,0.004751085441183827,3.719308350912581e-05,-0.13166695496050923,0.053161391215037004,-503.97693152913763,-1.197218731040292,0.5328890581750167,-268.56379238446243,-1687323.3628288321,2530.8563861995854,182967.9120312964,0.0,-501824.5944113361,-1501824.5944113361,-276.2758470021654
77,2024-03-18,1949.7092973744752,0.3359020691829568,0.33590208611164707,0.0,0.0031648326966314234,2.6317737894038365e-05,-0.08850851032990059,0.036330730396006455,-524.1867912226801,-0.8294817480019238,0.3359020691829568,-176.075427809963,-1687499.438256642,2530.9074526272348,183028.19175597857,0.0,-501940.33904803614,-1501940.3390480361,-115.74463670002297
78,2024-03-19,1856.5290775254546,0.13315465885133107,0.1331546658311228,0.0,0.001393137866819085,1.2983545633202748e-05,-0.039569279358024984,0.01669429673163173,-775.2326999401602,-0.5400030149415173,0.13315465885133107,-103.22584569081664,-1687602.664102333,2530.933283912567,183105.48304761812,0.0,-501966.24777080235,-1501966.2477708024,-25.908722766209394
79,2024-03-20,2066.051166069594,0.9403129382671573,0.9403130111632968,0.0,0.007809212417697731,5.654888714570616e-05,-0.21370458061285705,0.08426868140172479,-588.2406908551046,-2.2968482538103876,0.9403129382671573,-553.130332426168,-1688155.794434759,2531.092086573076,182992.34048810744,0.0,-502632.3618600785,-1502632.3618600785,-666.114089276176
80,2024-03-21,2154.5043716521486,1.8962310631937496,1.8962311747377831,0.0,0.014353514050318834,9.381999194328979e-05,-0.38578647356683404,0.14678868439127385,-491.29412277352196,-3.525898547034407,1.8962310631937496,-931.6071767676622,-1689087.4016115267,2531.4808285303397,182789.17689732122,0.0,-503766.7438856752,-1503766.7438856752,-1134.3820255966857
81,2024-03-22,2257.308696014121,3.9692088880126413,3.969209083017551,0.0,0.027064827457062346,0.00015750034981365372,-0.7114167066438511,0.25793684121623495,-486.56812797282174,-6.584441214845126,3.9692088880126413,-1931.2905381734017,-1691018.6921497001,2532.124058529131,182426.6992794245,0.0,-506059.8688117466,-1506059.8688117466,-2293.124926071381
82,2024-03-23,2238.811489766994,3.494760053930155,3.494760223974049,0.0,0.02427562352494692,0.00014422153494722648,-0.6407225600289168,0.23447055818401627,-315.2730288044118,-3.8267246774128236,3.494760053930155,-1101.8035871472675,-1692120.4957368474,2532.918369120533,182548.49304659755,0.0,-507039.08432112937,-1507039.0843211294,-979.215509382775
83,2024-03-24,2165.4162991704848,2.058551950001819,2.058552014902412,0.0,0.015407832763273028,9.946276489374585e-05,-0.41317277716559647,0.156462995930224,-383.0763551310703,-2.951188207711859,2.058551950001819,-788.5825778546277,-1692909.078314702,2533.4012811327175,182829.35623365664,0.0,-507546.32079991256,-1507546.3207999126,-507.23647878319025
84,2024-03-25,2115.622940764114,1.404299360043071,1.4042994138384612,0.0,0.011068356823579446,7.565691529311153e-05,-0.2998962803899172,0.11598352237939673,-402.39347027087086,-2.2269172562182034,1.404299360043071,-565.0808927868493,-1693474.1592074889,2533.7630028411354,182976.30580580788,0.0,-507964.0903988399,-1507964.09039884,-417.76959892734885
85,2024-03-26,1983.0042455797072,0.4570695804296902,0.4570695988218724,0.0,0.004151601864771386,3.316880454711876e-05,-0.11541463432698493,0.04686733869548321,-471.71490300214356,-0.9791862354720764,0.4570695804296902,-215.60653279768303,-1693689.7657402866,2533.8667653135103,183271.63666661116,0.0,-507884.26230836194,-1507884.262308362,79.82809047796763
86,2024-03-27,2146.5403290576073,1.7848521635582755,1.784852247752416,0.0,0.013622197002285693,8.985623198287794e-05,-0.36674166691368937,0.14002037489701785,-438.93745653983973,-2.989646252333956,1.7848521635582755,-783.4384689719882,-1694473.2042092585,2534.180758466023,183111.5043846666,0.0,-508827.51906612585,-1508827.5190661259,-943.2567577639129
87,2024-03-28,2133.0316425291944,1.6088344854660364,1.608834556083811,0.0,0.012452211947508772,8.342370284695517e-05,-0.33618580542484683,0.1290886023742585,-272.79144222687717,-1.6984284280378343,1.6088344854660364,-438.8762795946095,-1694912.0804888532,2534.6181416954278,183151.89057872022,0.0,-509225.5717684375,-1509225.5717684375,-398.05270231165923
88,2024-03-29,2277.3813733875613,4.545217567830192,4.545217691819841,0.0,0.030378930464035305,0.0001728809222630594,-0.7949509131992752,0.28524557054414446,-144.40129533780527,-2.193378454991906,4.545217567830192,-656.3353043869138,-1695568.41579324,2535.51490188896,182906.72289225078,0.0,-510126.1779991002,-1510126.1779991002,-900.60623066267
89,2024-03-30,2229.958919518495,3.2854299312682373,3.2854299787102716,0.0,0.02302585161811959,0.00013816230150426675,-0.6089219238333035,0.2238031037888344,-134.8042948151461,-1.5519918449494012,3.2854299312682373,-442.89006504928693,-1696011.3058582894,2536.0312676135277,183010.73828085003,0.0,-510464.5363098257,-1510464.5363098257,-338.3583107255399
90,2024-03-31,2277.904961633932,4.56114739740525,4.561147458891477,0.0,0.030469557494667447,0.00017329591487410842,-0.7972285457733381,0.285984040340467,89.91244530351652,1.3697962108308195,4.56114739740525,410.10391589044593,-1695601.201942399,2536.9653269948058,182936.32641448927,0.0,-510127.91020091483,-1510127.9102009148,336.62610891088843
91,2024-04-01,2298.268420463748,5.218678476394506,5.218678429472091,0.0,0.034166599498995094,0.00018999084700006182,-0.8898566853989291,0.315751770607581,-37.0294300062709,-0.6325848523501647,5.218678476394506,-193.24468936678022,-1695794.4466317657,2538.0188323361704,182964.22020323377,0.0,-510292.20759619586,-1510292.2075961959,-164.297395281028
92,2024-04-02,2144.42815612124,1.7562794747626964,1.7562794812660991,0.0,0.013433494141524872,8.88265218716821e-05,-0.3618208151403499,0.1382659921354636,70.93328752471199,0.4764409512011589,1.7562794747626964,124.57867695717141,-1695669.8679548085,2538.3968415742056,183061.5372241384,0.0,-510069.9338890959,-1510069.933889096,222.2737070999574
93,2024-04-03,2338.2509611524633,6.745911356105517,6.74591130825455,0.0,0.042468350545793516,0.0002260041552457488,-1.0959964251045922,0.38024872115134806,144.4689098848906,3.067678153980094,6.745911356105517,974.5744597967714,-1694695.2934950117,2539.8966627659115,183153.88234573195,0.0,-509001.51448651403,-1509001.514486514,1068.4194025818724
94,2024-04-04,2292.763958471992,5.033464596657273,5.03346452393936,0.0,0.03313355506989231,0.00018537054216400927,-0.8640290188761055,0.3075027993153464,95.78510388307438,1.5868505071926005,5.033464596657273,482.1309292826336,-1694213.162565729,2540.969969285886,183014.34286131902,0.0,-508657.84973512427,-1508657.8497351243,343.6647513897624
95,2024-04-05,2167.628877912279,2.092887494596905,2.09288747455016,0.0,0.015629199413706343,0.00010063728123539217,-0.4189127063737789,0.15848212591651625,142.37520369363068,1.112605225047407,2.092887494596905,297.97528335102834,-1693915.187282378,2541.474542411994,182815.77219526528,0.0,-508557.9405447007,-1508557.9405447007,99.90919042355381
96,2024-04-06,2176.1299617392956,2.229444144606557,2.229444112864801,0.0,0.016504208598885756,0.0001052466891420564,-0.44156799229452115,0.16642347195908913,21.67139250804281,0.17883459129053425,2.229444144606557,48.31515913247131,-1693866.8721232456,2541.9117346493417,182825.23054554977,0.0,-508499.7298430465,-1508499.7298430465,58.21070165419951
97,2024-04-07,2212.7274557178657,2.9086068192563945,2.908606812953038,0.0,0.020743122312523968,0.00012690330334945183,-0.5506248432269226,0.20405906747423322,28.02680354010823,0.2906817069307724,2.9086068192563945,81.51895189867355,-1693785.353171347,2542.4777230404557,182831.77544342767,0.0,-508411.1000048788,-1508411.1000048788,88.62983816768974
98,2024-04-08,2222.1087550075604,3.10887644573733,3.1088764370241435,0.0,0.02196182428823443,0.00013294619709485703,-0.5817835566768446,0.21464278219501123,183.96989881182347,2.0201572960147676,3.10887644573733,571.9396851407364,-1693213.4134862062,2543.1125700470443,182834.50241551845,0.0,-507835.79850064055,-1507835.7985006406,575.3015042382758
99,2024-04-09,2003.31510191454,0.5485572141497304,0.548557204057929,0.0,0.0048735022571476,3.80037517392368e-05,-0.13497788637519798,0.05443766085485916,13.933338434261033,0.0339520781544862,0.5485572141497304,7.6432333153206855,-1693205.770252891,2543.223688855533,182392.50482090085,0.0,-508270.0417431346,-1508270.0417431346,-434.24324249406345
100,2024-04-10,1919.326292213966,0.25105500013402354,0.2510549997842201,0.0,0.00244669812006867,2.1109544774122152e-05,-0.06878522632797202,0.02850066084751651,8.129889558166198,0.009945692749165576,0.25105500013402354,2.0410494240932167,-1693203.7292034668,2543.2686084872325,182389.65322626982,0.0,-508270.8073687097,-1508270.8073687097,-0.7656255750916898
101,2024-04-11,1835.6253294396477,0.10671530727028018,0.1067153071835218,0.0,0.001143613242270458,1.0938625046765401e-05,-0.03258674194356891,0.01382629834289057,-275.0548936440602,-0.15727820936131984,0.10671530727028018,-29.35256749135442,-1693233.0817709581,2543.291461695946,182388.82076221125,0.0,-508300.969547051,-1508300.969547051,-30.162178341299295
102,2024-04-12,1921.6958261590426,0.25691213684564257,0.2569121439121368,0.0,0.002497159138508139,2.1482857038732705e-05,-0.07017558675301551,0.0290559424742518,-215.88502023749672,-0.2695496255765397,0.25691213684564257,-55.46348186209798,-1693288.5452528202,2543.344077308593,182375.28374860837,0.0,-508369.91742690327,-1508369.9174269033,-68.9478798522614
103,2024-04-13,1924.0212716298402,0.2627775657606464,0.26277757143362057,0.0,0.0025475473849636493,2.1854432243463672e-05,-0.07156322853050272,0.02960961120705235,-393.19406236101554,-0.5008402526755196,0.2627775657606464,-103.32257857872173,-1693391.867831399,2543.3923461350787,182374.65692565244,0.0,-508473.81855961145,-1508473.8185596114,-103.90113270818256
104,2024-04-14,1971.3170962055358,0.41075544625592475,0.41075546240658567,0.0,0.003779017916267731,3.0618039026147796e-05,-0.10527939935393589,0.042916303505507444,-406.68847633558244,-0.7684415192058955,0.41075544625592475,-167.0495065844152,-1693558.9173379834,2543.4726417433417,182350.96927292144,0.0,-508664.4754233188,-1508664.4754233188,-190.65686370735057
105,2024-04-15,1938.3835639678923,0.3017013747515009,0.30170138702134863,0.0,0.0028785057966414303,2.4266878186866794e-05,-0.0806604879227094,0.03322684257366209,-335.1766376640019,-0.4824039472073069,0.3017013747515009,-101.12325236783363,-1693660.0405903512,2543.5338182973464,182376.27676646697,0.0,-508740.230005587,-1508740.230005587,-75.75458226818591
106,2024-04-16,1991.0030705830618,0.49135803632572395,0.49135805279489797,0.0,0.004424226005528684,3.5010489400083195e-05,-0.12281373842684876,0.04973894989954629,-448.178311098568,-0.9914210695381047,0.49135803632572395,-220.21601486508735,-1693880.2566052163,2543.62586736656,182350.8929087757,0.0,-508985.73782907403,-1508985.737829074,-245.50782348704524
107,2024-04-17,1974.900268182536,0.424494497120522,0.42449451614544553,0.0,0.003890093144541147,3.138275084894922e-05,-0.10830382504647015,0.044097501406114216,-355.4537421611172,-0.6913740827912292,0.424494497120522,-150.88815752835944,-1694031.1447627447,2543.7180938135757,182366.85756635419,0.0,-509120.56910257693,-1509120.569102577,-134.83127350290306
108,2024-04-18,1952.0930638023256,0.34352149279821986,0.3435215050088203,0.0,0.0032281019606219437,2.676672666633147e-05,-0.09024002948819958,0.03701357460480155,-17.572918035032195,-0.02836358558136809,0.34352149279821986,-6.036675036186352,-1694037.1814377808,2543.7858682445394,182382.6258763636,0.0,-509110.76969317277,-1509110.7696931728,9.79940940416418
109,2024-04-19,1968.8828699774822,0.40164668383535945,0.40164668454116986,0.0,0.003705109932785136,3.01071169237689e-05,-0.10326558380144953,0.042128747506423016,-193.155005970996,-0.35783026559515474,0.40164668383535945,-77.58006761455908,-1694114.7615053954,2543.847290644041,182382.14965725926,0.0,-509188.7645574922,-1509188.7645574922,-77.99486431945115
110,2024-04-20,1977.2208629716945,0.4336067885701556,0.433606796945488,0.0,0.003963502611891824,3.188612228822173e-05,-0.11030129759085326,0.044876592153112994,-351.15026808445754,-0.6958925023596308,0.4336067885701556,-152.26114004966803,-1694267.022645445,2543.925481802738,182379.1660710116,0.0,-509343.9310926306,-1509343.9310926306,-155.16653513838537
111,2024-04-21,2243.9253206823446,3.6208028826464553,3.62080300979105,0.0,0.025022292099550827,0.00014780837207710687,-0.6596841544521548,0.240797774831018,-297.1073907836889,-3.7171539585624296,3.6208028826464553,-1075.767297005048,-1695342.7899424501,2544.5600693639353,182193.56843854487,0.0,-510604.6614345412,-1510604.6614345412,-1260.7303419106174
112,2024-04-22,2148.7643831794594,1.815371830203814,1.8153718841398543,0.0,0.013823256794822342,9.095019892895443e-05,-0.3719817037411753,0.1418860215698946,-67.25518343264292,-0.46484283568615226,1.815371830203814,-122.09316543885507,-1695464.883107889,2544.9020360865325,182547.29629408423,0.0,-510372.68477771827,-1510372.6847777183,231.97665682295337
113,2024-04-23,1995.32733337441,0.5108200888419651,0.5108200922774949,0.0,0.0045778370031643225,3.6039568685177655e-05,-0.12697676641225128,0.05135007366758372,-28.84192528545269,-0.06601681640712304,0.5108200888419651,-14.733034836594015,-1695479.6161427256,2545.005691044177,182618.6204074149,0.0,-510315.99004426645,-1510315.9900442665,56.69473345181905
114,2024-04-24,2026.6390851932385,0.673111435394995,0.6731114373363779,0.0,0.0058310518746212325,4.4229390065027044e-05,-0.1607918204240118,0.06432386766055712,83.6395871207527,0.24385338563650544,0.673111435394995,56.29876254266128,-1695423.317380183,2545.198568785148,182616.55330524372,0.0,-510261.5655061542,-1510261.5655061542,54.4245381122455
115,2024-04-25,1952.8739598605246,0.3460504962242905,0.3460504933299385,0.0,0.003249061899546926,2.6915147658390556e-05,-0.09081344469975658,0.037239554416526266,-96.6338936419679,-0.1569847510184939,0.3460504962242905,-33.44020684692077,-1695456.7575870298,2545.26243173952,182598.56542968945,0.0,-510312.9297256009,-1510312.9297256009,-51.36421944666654
116,2024-04-26,1751.9940643630875,0.04163253104229892,0.04163253144461028,0.0,0.000491988645326168,5.229779970365322e-06,-0.014185992871660566,0.006146453492776488,-443.63046270890686,-0.10913057518678809,0.04163253104229892,-18.46945901005529,-1695475.22704604,2545.2711640067005,182630.10051006873,0.0,-510299.8553719644,-1510299.8553719644,13.07435363647528
117,2024-04-27,1660.1029820258711,0.013206965767772921,0.01320696635367418,0.0,0.00017440579255577988,2.088530959002646e-06,-0.005084094879997817,0.002247894942087335,-622.7638530705652,-0.054306811684931594,0.013206965767772921,-8.224820888834074,-1695483.4518669287,2545.2736240075633,182640.12863673872,0.0,-510298.0496061824,-1510298.0496061824,1.8057657820172608
118,2024-04-28,1855.1607798212542,0.13126053976851548,0.13126054794294795,0.0,0.0013754704217831218,1.2840650965901174e-05,-0.03907582008184281,0.01649229589294912,-637.1603678654704,-0.43819761996570383,0.13126053976851548,-83.63401380507275,-1695567.0858807338,2545.293014744108,182629.53566964617,0.0,-510392.2571963435,-1510392.2571963435,-94.20759016112424
119,2024-04-29,1774.3735365331784,0.05404815696026341,0.054048160403997986,0.0,0.0006220274005729068,6.4262469141779795e-06,-0.017881788128482755,0.007706355049964418,-567.0972473258065,-0.17637501331306116,0.05404815696026341,-30.650561035145074,-1695597.736441769,2545.3021942640103,182664.9364473786,0.0,-510387.4978001262,-1510387.4978001262,4.759396217297763
120,2024-04-30,1623.4149522823197,0.008045392977772977,0.008045393434025024,0.0,0.00011118736566498061,1.3977635252664885e-06,-0.0032532330185213133,0.0014490248365021069,-751.6263568943818,-0.041785677293726425,0.008045392977772977,-6.047129413578659,-1695603.7835711825,2545.303710262354,182691.56176968556,0.0,-510366.91809123475,-1510366.9180912348,20.579708891455084
121,2024-05-01,1806.6992851240334,0.07786215261447982,0.07786215846680487,0.0,0.0008628212209685845,8.557215876962258e-06,-0.02469132904594943,0.010555628107964015,-772.0631945555518,-0.33307625409566355,0.07786215261447982,-60.11450228258036,-1695663.898073465,2545.319161735672,182683.90310970045,0.0,-510434.67580202897,-1510434.675802029,-67.75771079421975
122,2024-05-02,1708.9761873402335,0.024710781546647426,0.024710783454476068,0.0,0.0003074515812316134,3.4541727456633547e-06,-0.008913089355603936,0.0038999396425938035,-641.8506967273802,-0.09866900581172289,0.024710781546647426,-15.860632352298126,-1695679.7587058174,2545.323670860138,182716.4523530489,0.0,-510417.9826819084,-1510417.9826819084,16.693120120558888
123,2024-05-03,1977.7538499997818,0.43572379899706076,0.43572382696402495,0.0,0.00398052853846861,3.200264348358049e-05,-0.11076441993632813,0.04505711213223421,-805.4826294871231,-1.603123296957115,0.43572379899706076,-350.9679513461888,-1696030.7266571636,2545.408044211933,182689.9323282899,0.0,-510795.3862846617,-1510795.3862846617,-377.4036027533002
124,2024-05-04,1940.7402365238922,0.30855282923103644,0.3085528540844329,0.0,0.002936183600485057,2.4682584109129796e-05,-0.08224301347081465,0.0338539332141167,-681.1183697109543,-0.9999442935672109,0.30855282923103644,-210.16100001544692,-1696240.887657179,2545.469910591074,182749.26971435765,0.0,-510946.1480322303,-1510946.1480322303,-150.76174756861292
125,2024-05-05,2116.6895285439177,1.416147812516095,1.4161479089725304,0.0,0.01114929633967386,7.611625596775821e-05,-0.3020234529867003,0.11675550135219007,-438.3490371141017,-2.4436416574979076,1.416147812516095,-620.767030027695,-1696861.6546872067,2545.747800554293,182573.33022384506,0.0,-511742.57666280726,-1511742.5766628073,-796.4286305769347
126,2024-05-06,2089.987678465331,1.1442454229496288,1.144245473107519,0.0,0.009264906769406868,6.524115664013475e-05,-0.25233823655690263,0.09859318217377736,-236.35043013142771,-1.0948823500384448,1.1442454229496288,-270.44289788999595,-1697132.0975850967,2546.0139440647745,182638.57997702932,0.0,-511947.50366400275,-1511947.5036640028,-204.92700119549409
127,2024-05-07,2135.570893111176,1.6407240195739219,1.6407240583525056,0.0,0.01266554319004836,8.460533046499935e-05,-0.34176553758119727,0.13109166315115642,-478.83649100004044,-3.0323621288661076,1.6407240195739219,-785.6385322322603,-1697917.736117329,2546.297005540667,182588.67171985557,0.0,-512782.76739193266,-1512782.7673919327,-835.2637279299088
128,2024-05-08,2120.5079343711245,1.4592792951145468,1.4592793649901679,0.0,0.011443103336004193,7.777818441642502e-05,-0.3097400304306149,0.11955190684735809,-553.5732485868465,-3.1672979438134106,1.4592792951145468,-807.8179799921345,-1698725.5540973211,2546.596628560811,182634.34806548757,0.0,-513544.6094032726,-1513544.6094032726,-761.8420113399625
129,2024-05-09,2094.5076423765818,1.1867948247538063,1.1867948904515966,0.0,0.009563738555734327,6.699231183272681e-05,-0.26024083426275535,0.10150078692418374,-469.2617294394562,-2.2439482472853487,1.1867948247538063,-556.917391953757,-1699282.4714892749,2546.864542626945,182716.69873686045,0.0,-514018.90820978745,-1514018.9082097874,-474.2988065148238
130,2024-05-10,2118.4495141098782,1.4358887221011905,1.435888789481956,0.0,0.011283930096211642,7.687887139152517e-05,-0.3055604502884336,0.11803805524614581,-407.73261133198594,-2.30041314210798,1.4358887221011905,-585.4586582444608,-1699867.9301475193,2547.091728029418,182662.9744157478,0.0,-514657.8640037421,-1514657.864003742,-638.9557939546648
131,2024-05-11,2168.668651737671,2.109192721981198,2.109192807979867,0.0,0.015734128034461125,0.00010119280234246603,-0.42163225200362126,0.15943776462713458,-224.15840801691135,-1.76346854586953,2.109192721981198,-472.79328276007436,-1700340.7234302794,2547.3503504057453,182547.44965156348,0.0,-515245.9234283101,-1515245.92342831,-588.0594245679677
132,2024-05-12,2184.9917298501246,2.3798975902422614,2.3798976435896684,0.0,0.01745877895054434,0.00011021741304629117,-0.4662245700154243,0.17501658600720182,-124.53927483586381,-1.0871518350102176,2.3798975902422614,-296.3907200724352,-1700637.1141503518,2547.8538648003328,182518.6644167404,0.0,-515570.595868811,-1515570.595868811,-324.67244050092995
133,2024-05-13,2190.1203754868375,2.470899919839156,2.4708999506115648,0.0,0.018031598504134792,0.00011317269796481899,-0.4809921724429444,0.18013909514075604,-7.136874169703136,-0.06434462480130865,2.470899919839156,-17.6345018139109,-1700654.7486521658,2548.319691290642,182513.08880022532,0.0,-515593.34016064974,-1515593.3401606497,-22.744291838724166
134,2024-05-14,2111.2054514665506,1.356137113929386,1.356137114897244,0.0,0.010738308820328096,7.377698141965716e-05,-0.2912160634886732,0.11282830288848816,-141.89625521325328,-0.7618629044640022,1.356137113929386,-192.43077802238986,-1700847.1794301881,2548.5850625551284,182518.16655140262,0.0,-515780.4278162306,-1515780.4278162306,-187.08765558083542
135,2024-05-15,2100.177766041455,1.2421113322480484,1.2421113498731433,0.0,0.009949938619390804,6.924000009411522e-05,-0.2704404326313613,0.10524274973398538,-178.3542464393766,-0.8873069022897491,1.2421113322480484,-221.53583065699786,-1701068.7152608451,2548.835944424246,182526.5681358501,0.0,-515993.31118057086,-1515993.3111805709,-212.88336434029043
136,2024-05-16,2272.7199108673053,4.405472334265163,4.405472412838634,0.0,0.0295816128600497,0.00016921743534716635,-0.7748977825898867,0.27872997608975625,-45.93508894667704,-0.6794170089562741,4.405472334265163,-202.3657635266427,-1701271.0810243718,2549.5064065393653,182373.47029981026,0.0,-516348.10431802226,-1516348.1043180223,-354.793137451401
137,2024-05-17,2186.251713301911,2.401983083859701,2.4019830948932315,0.0,0.017598104715932268,0.00011093808154935597,-0.46981838991776875,0.17626483982577168,-6.478029172577633,-0.057000517865942624,2.401983083859701,-15.56011648918502,-1701286.641140861,2550.0610909879615,182432.21826397,0.0,-516304.3617859031,-1516304.361785903,43.74253211915493
138,2024-05-18,2214.4749441388212,2.945049504472709,2.9450495063805207,0.0,0.02096585323497866,0.0001280133563772134,-0.5563255870115845,0.20600083845680084,-111.90289816065057,-1.1730698697024815,2.945049504472709,-329.5595747770276,-1701616.200715638,2550.5309819983395,182430.60952519643,0.0,-516635.0602084431,-1516635.060208443,-330.6984225399792
139,2024-05-19,2350.6901815862557,7.2919790398181545,7.291979121417514,0.0,0.04535449820433035,0.0002381081670221867,-1.1671180080602384,0.4019761371985882,-206.00649968103866,-4.671660709932024,7.2919790398181545,-1502.1950777403545,-1703118.3957933784,2551.8542881127332,182270.81953435246,0.0,-518295.721970913,-1518295.721970913,-1660.6617624699138
140,2024-05-20,2407.458482434489,10.28178224101536,10.281782452826763,0.0,0.060554799531049,0.00029896772610033836,-1.5377061552292188,0.5112158726276791,-358.81149309729705,-10.863879016971598,10.28178224101536,-3689.2216376001015,-1706807.6174309785,2553.5774290034133,182005.61729371018,0.0,-522248.422708265,-1522248.422708265,-3952.7007373520173
141,2024-05-21,2521.807263907329,19.469862117370187,19.46986281597124,0.0,0.10303945891656663,0.00045071136278019116,-2.545852477423863,0.7792325284284486,-444.2395229047139,-22.887100034727716,19.469862117370187,-8649.282258041203,-1715456.8996890197,2557.2422262153127,180763.34596605113,0.0,-532136.3114967532,-1532136.3114967532,-9887.888788488228
142,2024-05-22,2383.7647204173013,8.928408912935465,8.928409309570695,0.0,0.05378876611293659,0.000272430341427741,-1.3735272607162363,0.46361421169118067,-308.89263787623463,-8.307476926366402,8.928408912935465,-2757.9197811542545,-1718214.819470174,2558.6192263950575,183922.73946795563,0.0,-531733.4607758231,-1531733.460775823,402.85072093014605
143,2024-05-23,2414.8491904014563,10.73756822333383,10.737568555009418,0.0,0.06279612269732689,0.0003075838789951664,-1.5918385516653866,0.5266470968468843,-560.4726705057624,-17.59775529278916,10.73756822333383,-6018.113536869641,-1724232.9330070436,2560.585260314126,183664.50595079391,0.0,-538007.8417959355,-1538007.8417959355,-6274.381020112429
144,2024-05-24,2378.757949111625,8.662492754687648,8.662493240196719,0.0,0.052438312768947226,0.00026703256238623486,-1.3406138956845102,0.45392255393134745,-632.115777729509,-16.57354242938316,8.662492754687648,-5475.698344705626,-1729708.6313517492,2562.353053107222,184299.63078322538,0.0,-542846.6475154166,-1542846.6475154166,-4838.805719481083
145,2024-05-25,2347.9572670401076,7.16891453092614,7.168914984084568,0.0,0.04470745842078226,0.00023541163690865487,-1.1511962335180699,0.3971345366267057,-900.2371594522804,-20.123657687527977,7.16891453092614,-6453.7232536771335,-1736162.3546054263,2563.707467746575,184810.1071943916,0.0,-548788.5399432881,-1548788.539943288,-5941.892427871469
146,2024-05-26,2527.8461452013585,20.100377623934726,20.100379433445575,0.0,0.10578873436633568,0.0004598319606980482,-2.609948380956955,0.7949887035486269,-1135.096507802239,-60.040211472023174,20.100377623934726,-22815.868446434615,-1758978.223051861,2566.611766178303,181190.08498848113,0.0,-575221.5262972014,-1575221.5262972014,-26432.986353913322
147,2024-05-27,2497.0178747313794,17.050296799688038,17.050298735061492,0.0,0.09232005690285033,0.00041443971703845303,-2.294731184426534,0.7160974577395742,-1034.2877341214078,-47.74275123400425,17.050296799688038,-17634.912843046943,-1776613.1358949079,2569.8889794590505,183041.0208668154,0.0,-591002.2260486335,-1591002.2260486335,-15780.699751432054
148,2024-05-28,2533.6971286424314,20.727267245013266,20.727269388809315,0.0,0.10850531542318675,0.0004687750161640617,-2.6731621314118077,0.8103883466161942,-954.9944975882557,-51.81098959411072,20.727267245013266,-19794.42616902897,-1796407.5620639368,2573.620341469195,181289.85237189117,0.0,-612544.0893505763,-1612544.0893505763,-21541.863301942823
149,2024-05-29,2318.2550808132564,5.940645992787191,5.940646560115669,0.0,0.03813655221692651,0.00020744868788108076,-0.9887375193395247,0.34698036437639457,-973.0164621209399,-18.553746557802157,5.940645992787191,-5780.3463466146495,-1802187.9084105515,2574.7592845110225,192452.11807010247,0.0,-607161.031055938,-1607161.031055938,5383.058294638293
150,2024-05-30,2528.2585303346614,20.144042292341336,20.144044252390003,0.0,0.105978491473812,0.0004604588548639761,-2.6143677989264615,0.7960698208234362,-939.4125960725564,-49.77876490163351,20.144042292341336,-18923.567065243842,-1821111.4754757953,2578.8948993342624,188555.76729141813,0.0,-629976.813285043,-1629976.813285043,-22815.78222910501
151,2024-05-31,2639.868921007133,35.21236107584,35.21236438373386,0.0,0.16754753818757057,0.0006491281268862042,-4.0217618767143435,1.1079269209217215,-788.8146038545691,-66.08197248111838,35.21236107584,-27776.024652822874,-1848887.5001286182,2585.3707876680523,182999.9398935537,0.0,-663302.1894473964,-1663302.1894473964,-33325.37616235344
152,2024-06-01,2630.8434422341525,33.72637664284376,33.72637930322981,0.0,0.16176423232013756,0.0006324645546662071,-3.8914867042220886,1.0816571051580324,-679.9881353662374,-54.99887935216059,33.72637664284376,-22933.53596602683,-1871821.036094645,2591.496747913624,183596.3613334587,0.0,-685633.1780132728,-1685633.1780132728,-22330.98856587638
153,2024-06-02,2586.0074867379967,27.082219304669998,27.082221146228903,0.0,0.135203214172479,0.0005533607594180251,-3.2885155645912505,0.9533077749581762,-923.8960828499677,-62.456859981339285,27.082219304669998,-25021.156330468366,-1896842.1924251134,2596.3728520940313,186062.28864043063,0.0,-708183.5309325887,-1708183.5309325887,-22550.35291931592
154,2024-06-03,2662.1762479850377,39.11488028203039,39.11488389583919,0.0,0.1824963840986351,0.0006913925142397786,-4.3571070739580176,1.173215974524079,-573.0080270134647,-52.28594649472517,39.11488028203039,-22413.140377274016,-1919255.3328023874,2604.6644094063754,181305.02698427212,0.0,-735345.6414087089,-1735345.6414087089,-27162.110476120142
155,2024-06-04,2823.9753632167167,79.14176718400228,79.14177171888932,0.0,0.32169193761796483,0.0010382222547497177,-7.372477830217861,1.6261131034965115,-255.21792903137174,-41.05077505247311,79.14176718400228,-20198.397920584073,-1939453.7307229715,2626.057460721928,172845.2071023747,0.0,-763982.466159875,-1763982.466159875,-28636.82475116616
156,2024-06-05,3082.3655001329403,201.16355265999883,201.1635577940535,82.36550013294027,0.6265667204573104,0.0011114870046054599,-9.495274577311191,1.8608648467121538,-279.834820067585,-87.66759273975414,118.79805252705856,-33243.83165328903,-1972697.5623762605,2666.2475235460793,162238.09171604906,0.0,-807793.2231366655,-1807793.2231366655,-43810.75697679049
157,2024-06-06,3212.6292751837786,291.3443094829208,291.34431763574923,212.62927518377865,0.7510681009665476,0.0007959116852159589,-7.492460402321025,1.6623237084287232,-123.94719765853172,-46.54639318275937,78.71503429914213,-9756.507914973889,-1982454.0702912344,2727.301172469599,150818.18013614923,0.0,-828908.5889826156,-1828908.5889826156,-21115.365845950088
158,2024-06-07,3222.343763366819,298.6777524262763,298.6777561283034,222.34376336681908,0.7586891983622022,0.0007731802661152286,-7.332507809350638,1.6429790528977781,-154.83797921613643,-58.736951163756935,76.33398905945722,-11819.400611473015,-1994273.4709027074,2777.3868888234615,150366.00574961214,0.0,-841130.0782642718,-1841130.0782642718,-12221.48928165622
159,2024-06-08,3385.9854998223286,431.6536779368971,431.65368462053556,385.9854998223286,0.8581670658710375,0.0004664065005693561,-5.026962450740158,1.2858376549173587,-222.22870846085476,-95.35467934608097,45.66817811456849,-10148.780240160879,-2004422.2511428683,2870.3118510799186,140754.1890670725,0.0,-860797.750224716,-1860797.750224716,-19667.67196044419
160,2024-06-09,3520.9732385611946,551.2017255703073,551.2017378195924,520.9732385611946,0.9094329108293482,0.00030404706732844013,-3.6677693416211237,0.9964653718775969,-219.31953776205907,-99.72820281434826,30.228487009112655,-6629.697798084933,-2011051.9489409532,3001.2410756877994,127882.47652397539,0.0,-880168.23134129,-1880168.23134129,-19370.481116574025
161,2024-06-10,3532.3056918489087,561.527120361047,561.5271326764341,532.3056918489087,0.91281656339092,0.00029317658395586416,-3.571799375472338,0.9736780212438403,-300.27708661240985,-137.0489491332888,29.221428512138232,-8774.525420277612,-2019826.4743612309,3118.074624346625,126752.31132411411,0.0,-889956.0884127701,-1889956.08841277,-9787.857071480015
162,2024-06-11,3667.303883456622,687.0772945641642,687.0773151955216,667.3038834566219,0.944871440946002,0.00018891624114497342,-2.6080680492056985,0.7264271537685845,-47.20685902215341,-22.30220645339844,19.7734111075423,-933.4406305407174,-2020759.9149917716,3266.7353157177517,108250.95102938266,0.0,-909242.2286466712,-1909242.2286466712,-19286.140233901097
163,2024-06-12,3803.607753808885,817.3851354175931,817.3851392762117,803.6077538088848,0.9655866744440676,0.00011998843599689004,-1.9130472365901228,0.525498998112851,116.56590229268599,56.2772409741834,13.77738160870831,1605.9729184496682,-2019153.942073322,3406.0491453299196,105211.07397238923,0.0,-910536.8189556026,-1910536.8189556026,-1294.5903089314234
164,2024-06-13,3789.5284410189174,803.8024343054091,803.8024249358136,789.5284410189174,0.9638566816502606,0.00012580497720507088,-1.9741320358087624,0.5439944515682711,130.39556797302123,62.84131972418862,14.273993286491645,1861.265461835079,-2017292.6766114868,3574.3491229181154,104418.72909375731,0.0,-909299.5983948114,-1909299.5983948114,1237.2205607912038
165,2024-06-14,3690.597715495698,709.136967144764,709.1369578979323,690.5977154956981,0.9491072480911177,0.00017493870253226123,-2.471680216804652,0.6885854767691597,265.9584590868461,126.21155060523532,18.539251649065818,4930.67080120882,-2012362.005810278,3708.5570695435545,98201.79174060676,0.0,-910451.6570001277,-1910451.6570001277,-1152.0586053163279
166,2024-06-15,3809.8232560060064,823.3890689141256,823.3890470153973,809.8232560060064,0.966324713509811,0.00011750316890988834,-1.886784401562092,0.5174946328931461,-11.1190864048761,-5.372323992341364,13.565812908119142,-150.83944587782025,-2012512.8452561558,3884.938606725478,113249.43208016006,0.0,-895378.4745692702,-1895378.4745692702,15073.18243085756
167,2024-06-16,3618.8703973070565,641.5477176826158,641.5477183959583,618.8703973070565,0.9349536114222979,0.0002214443616606494,-2.9181466456009986,0.8097478816715322,-163.51366559456613,-76.43884608226878,22.67732037555936,-3708.0517804699484,-2016220.8970366258,4045.662496189695,114275.29270435461,0.0,-897899.9418360817,-1897899.9418360817,-2521.4672668115236
168,2024-06-17,3402.528223457802,445.912827524527,445.91283481581127,402.52822345780214,0.8656859805588066,0.0004428175183174255,-4.836953423127355,1.249061421652981,-372.2416981619774,-161.12220973911337,43.384604066724876,-16149.558691882761,-2032370.4557285085,4136.192115329036,130812.23883232128,0.0,-897422.0247808583,-1897422.0247808583,477.91705522336997
169,2024-06-18,3455.296381229138,492.1772137998191,492.177232120708,455.2963812291382,0.8872137324953085,0.00037490045187724293,-4.276654532256127,1.1337071287159393,-436.437418064839,-193.6066353409606,36.88083257068092,-16096.175343229668,-2048466.6310717382,4252.519628470027,122310.11664834135,0.0,-921903.9947949268,-1921903.9947949268,-24481.97001406853
170,2024-06-19,3561.7522126908484,588.5295609381719,588.5295866238052,561.7522126908484,0.9210527221080061,0.00026661742925873633,-3.334101673332865,0.9158475036642177,-517.8879122289901,-238.50103565267176,26.777348247323516,-13867.664978835033,-2062334.2960505732,4358.325379652699,101699.56130661526,0.0,-956276.4093643052,-1956276.4093643052,-34372.414569378365
171,2024-06-20,3615.5968536433847,638.4882646074794,638.4882976740166,615.5968536433847,0.9342248147375694,0.00022382433256543354,-2.9404642647841523,0.8156029674483117,-657.7936190680425,-307.2635609546986,22.89141096409469,-15057.824063645676,-2077392.120114219,4495.9577799117815,88857.55867508918,0.0,-984038.603659218,-1984038.603659218,-27762.19429491274
172,2024-06-21,3690.569357338297,709.1099963907377,709.1100430355439,690.5693573382969,0.9491022869192798,0.00017495510552384232,-2.471841475152046,0.6886306601125811,-416.94714568332154,-197.8627447462533,18.540639052440838,-7730.466532059945,-2085122.5866462789,4644.894819083126,65821.24021610119,0.0,-1014656.4516110944,-2014656.4516110944,-30617.847951876465
173,2024-06-22,3324.997741283248,380.2412518871217,380.2412677411728,324.99774128324816,0.8268309670178944,0.0005641836389843758,-5.792916870477312,1.4222393230884156,-524.4865980204537,-216.8308805145887,55.24351060387352,-28974.480939332396,-2114097.0675856113,4734.476549338475,138154.24357007668,0.0,-971208.3474661959,-1971208.347466196,43448.104144898476
174,2024-06-23,3424.356467550183,464.91233796246524,464.91236234649557,424.35646755018297,0.8750275946580158,0.00041342130284891546,-4.596965648781061,1.2009206409345514,-666.7816692819814,-291.7261801169344,40.555870412282275,-27041.910972685087,-2141138.9785582963,4836.566332960264,116610.20346680918,0.0,-1019692.2087585272,-2019692.2087585272,-48483.86129233125
175,2024-06-24,3687.5419169863876,706.237449831218,706.2374969218397,687.5419169863876,0.9485699614961465,0.0001767146766745162,-2.4891230635123813,0.6934667312337152,-609.0823890437549,-288.87862916160776,18.69553284483038,-11387.119809575379,-2152526.0983678717,4955.5005558334515,39832.117640426615,0.0,-1107738.4801716115,-2107738.4801716115,-88046.27141308435
176,2024-06-25,3846.984515161004,859.376684445127,859.3767367882506,846.9845151610039,0.9704285367760354,0.00010363970390907579,-1.738373772572261,0.4716563924214483,-375.0455445431115,-181.97744950767154,12.392169284123156,-4647.627877234481,-2157173.726245106,5136.18040925026,-6227.4415502215925,0.0,-1158264.9873860776,-2158264.9873860776,-50526.50721446611
177,2024-06-26,4006.6886247650323,1015.469496710014,1015.4695347947466,1006.6886247650323,0.9831888968911344,5.996316146914284e-05,-1.2444715037243628,0.3110976540843192,-106.39780545969842,-52.30457049077921,8.780871944981754,-934.2655049688183,-2158107.991750075,5315.018007469886,-35289.988091856314,0.0,-1188082.9618344614,-2188082.9618344614,-29817.974448383786
178,2024-06-27,4052.6328523207935,1060.701433065334,1060.7014443509645,1052.6328523207935,0.9857354508349024,5.1117512379516025e-05,-1.1379744594439178,0.2746803725746122,49.095509601339785,24.197592145422973,8.06858074454044,396.13108341256157,-2157711.8606666625,5503.016970359144,-37693.08118069103,0.0,-1189901.9248769945,-2189901.9248769945,-1818.9630425330251
179,2024-06-28,4106.850621180176,1114.216435715487,1114.2164302451847,1106.850621180176,0.9882603892290229,4.2291928868591614e-05,-1.0287087343709111,0.23656106890170547,29.014662686596928,14.337020920002544,7.365814535311074,213.71662415424362,-2157498.144042508,5703.163685076777,-36381.14172279688,0.0,-1188176.1220802283,-2188176.1220802283,1725.802796766162
180,2024-06-29,4075.0678745929963,1082.8289798257458,1082.8289766839541,1075.0678745929963,0.9868385590704373,4.726895285458445e-05,-1.0907298240914505,0.2582955151361881,161.6246930215069,79.74873958577282,7.7611052327495145,1254.3862507506274,-2156243.7577917576,5886.914077803201,-36836.81162551241,0.0,-1187193.6553394669,-2187193.655339467,982.4667407614179
181,2024-06-30,4153.18007754458,1160.0450388829972,1160.045020133805,1153.18007754458,0.9900685843968062,3.593300929396449e-05,-0.947758965961008,0.20778901831464233,533.7588481950539,264.2289336208734,6.864961338417288,3664.2338568973355,-2152579.5239348602,6132.284675786516,-30607.46189385568,0.0,-1177054.701152929,-2177054.701152929,10138.954186537769
